
[{"name":"500px","value":"fab fa-500px","type":"brands"},{"name":"Accessible Icon","value":"fab fa-accessible-icon","type":"brands"},{"name":"Accusoft","value":"fab fa-accusoft","type":"brands"},{"name":"Acquisitions Incorporated","value":"fab fa-acquisitions-incorporated","type":"brands"},{"name":"Ad","value":"fas fa-ad","type":"solid"},{"name":"Add to Shopping Cart","value":"fas fa-cart-plus","type":"solid"},{"name":"Address Book","value":"far fa-address-book","type":"regular"},{"name":"Address Book","value":"fas fa-address-book","type":"solid"},{"name":"Address Card","value":"far fa-address-card","type":"regular"},{"name":"Address Card","value":"fas fa-address-card","type":"solid"},{"name":"Adobe","value":"fab fa-adobe","type":"brands"},{"name":"Adversal","value":"fab fa-adversal","type":"brands"},{"name":"Air Freshener","value":"fas fa-air-freshener","type":"solid"},{"name":"Algolia","value":"fab fa-algolia","type":"brands"},{"name":"Alipay","value":"fab fa-alipay","type":"brands"},{"name":"Allergies","value":"fas fa-allergies","type":"solid"},{"name":"Alternate Arrow Circle Down","value":"fas fa-arrow-alt-circle-down","type":"solid"},{"name":"Alternate Arrow Circle Down","value":"far fa-arrow-alt-circle-down","type":"regular"},{"name":"Alternate Arrow Circle Left","value":"fas fa-arrow-alt-circle-left","type":"solid"},{"name":"Alternate Arrow Circle Left","value":"far fa-arrow-alt-circle-left","type":"regular"},{"name":"Alternate Arrow Circle Right","value":"fas fa-arrow-alt-circle-right","type":"solid"},{"name":"Alternate Arrow Circle Right","value":"far fa-arrow-alt-circle-right","type":"regular"},{"name":"Alternate Arrow Circle Up","value":"fas fa-arrow-alt-circle-up","type":"solid"},{"name":"Alternate Arrow Circle Up","value":"far fa-arrow-alt-circle-up","type":"regular"},{"name":"Alternate Arrows","value":"fas fa-arrows-alt","type":"solid"},{"name":"Alternate Arrows Horizontal","value":"fas fa-arrows-alt-h","type":"solid"},{"name":"Alternate Arrows Vertical","value":"fas fa-arrows-alt-v","type":"solid"},{"name":"Alternate CSS3 Logo","value":"fab fa-css3-alt","type":"brands"},{"name":"Alternate Calendar","value":"fas fa-calendar-alt","type":"solid"},{"name":"Alternate Calendar","value":"far fa-calendar-alt","type":"regular"},{"name":"Alternate Calendar","value":"fas fa-calendar-alt","type":"solid"},{"name":"Alternate Calendar","value":"far fa-calendar-alt","type":"regular"},{"name":"Alternate Car","value":"fas fa-car-alt","type":"solid"},{"name":"Alternate Cloud Download","value":"fas fa-cloud-download-alt","type":"solid"},{"name":"Alternate Cloud Upload","value":"fas fa-cloud-upload-alt","type":"solid"},{"name":"Alternate Comment","value":"far fa-comment-alt","type":"regular"},{"name":"Alternate Comment","value":"fas fa-comment-alt","type":"solid"},{"name":"Alternate Compress Arrows","value":"fas fa-compress-arrows-alt","type":"solid"},{"name":"Alternate Creative Commons Public Domain","value":"fab fa-creative-commons-pd-alt","type":"brands"},{"name":"Alternate Crop","value":"fas fa-crop-alt","type":"solid"},{"name":"Alternate Level Down","value":"fas fa-level-down-alt","type":"solid"},{"name":"Alternate Level Up","value":"fas fa-level-up-alt","type":"solid"},{"name":"Alternate List","value":"far fa-list-alt","type":"regular"},{"name":"Alternate List","value":"fas fa-list-alt","type":"solid"},{"name":"Alternate Long Arrow Down","value":"fas fa-long-arrow-alt-down","type":"solid"},{"name":"Alternate Long Arrow Left","value":"fas fa-long-arrow-alt-left","type":"solid"},{"name":"Alternate Long Arrow Right","value":"fas fa-long-arrow-alt-right","type":"solid"},{"name":"Alternate Long Arrow Up","value":"fas fa-long-arrow-alt-up","type":"solid"},{"name":"Alternate Map Marked","value":"fas fa-map-marked-alt","type":"solid"},{"name":"Alternate Map Marker","value":"fas fa-map-marker-alt","type":"solid"},{"name":"Alternate Medical Chat","value":"fas fa-comment-medical","type":"solid"},{"name":"Alternate Microphone","value":"fas fa-microphone-alt","type":"solid"},{"name":"Alternate Microphone Slash","value":"fas fa-microphone-alt-slash","type":"solid"},{"name":"Alternate Mobile","value":"fas fa-mobile-alt","type":"solid"},{"name":"Alternate Money Bill","value":"far fa-money-bill-alt","type":"regular"},{"name":"Alternate Money Bill","value":"fas fa-money-bill-alt","type":"solid"},{"name":"Alternate Money Check","value":"fas fa-money-check-alt","type":"solid"},{"name":"Alternate Pen","value":"fas fa-pen-alt","type":"solid"},{"name":"Alternate Pencil","value":"fas fa-pencil-alt","type":"solid"},{"name":"Alternate Pied Piper Logo","value":"fab fa-pied-piper-alt","type":"brands"},{"name":"Alternate Pied Piper Logo","value":"fab fa-pied-piper-alt","type":"brands"},{"name":"Alternate Prescription Bottle","value":"fas fa-prescription-bottle-alt","type":"solid"},{"name":"Alternate Radiation","value":"fas fa-radiation-alt","type":"solid"},{"name":"Alternate Redo","value":"fas fa-redo-alt","type":"solid"},{"name":"Alternate Share","value":"fas fa-share-alt","type":"solid"},{"name":"Alternate Share Square","value":"fas fa-share-alt-square","type":"solid"},{"name":"Alternate Shield","value":"fas fa-shield-alt","type":"solid"},{"name":"Alternate Sign In","value":"fas fa-sign-in-alt","type":"solid"},{"name":"Alternate Sign Out","value":"fas fa-sign-out-alt","type":"solid"},{"name":"Alternate Square Root","value":"fas fa-square-root-alt","type":"solid"},{"name":"Alternate Star Half","value":"fas fa-star-half-alt","type":"solid"},{"name":"Alternate Store","value":"fas fa-store-alt","type":"solid"},{"name":"Alternate Sync","value":"fas fa-sync-alt","type":"solid"},{"name":"Alternate Tablet","value":"fas fa-tablet-alt","type":"solid"},{"name":"Alternate Tachometer","value":"fas fa-tachometer-alt","type":"solid"},{"name":"Alternate Ticket","value":"fas fa-ticket-alt","type":"solid"},{"name":"Alternate Transgender","value":"fas fa-transgender-alt","type":"solid"},{"name":"Alternate Trash","value":"fas fa-trash-alt","type":"solid"},{"name":"Alternate Trash","value":"fas fa-trash-alt","type":"solid"},{"name":"Alternate Trash","value":"far fa-trash-alt","type":"regular"},{"name":"Alternate Trash","value":"far fa-trash-alt","type":"regular"},{"name":"Alternate Undo","value":"fas fa-undo-alt","type":"solid"},{"name":"Alternate Unlock","value":"fas fa-unlock-alt","type":"solid"},{"name":"Alternate User","value":"fas fa-user-alt","type":"solid"},{"name":"Alternate User Slash","value":"fas fa-user-alt-slash","type":"solid"},{"name":"Alternate Wavy Money Bill","value":"fas fa-money-bill-wave-alt","type":"solid"},{"name":"Alternate Wine Glas","value":"fas fa-wine-glass-alt","type":"solid"},{"name":"Alternative Trash Restore","value":"fas fa-trash-restore-alt","type":"solid"},{"name":"Alternative Trash Restore","value":"fas fa-trash-restore-alt","type":"solid"},{"name":"Amazon","value":"fab fa-amazon","type":"brands"},{"name":"Amazon Pay","value":"fab fa-amazon-pay","type":"brands"},{"name":"Amazon Pay Credit Card","value":"fab fa-cc-amazon-pay","type":"brands"},{"name":"Amazon Web Services (AWS)","value":"fab fa-aws","type":"brands"},{"name":"American Express Credit Card","value":"fab fa-cc-amex","type":"brands"},{"name":"American Express Credit Card","value":"fab fa-cc-amex","type":"brands"},{"name":"American Sign Language Interpreting","value":"fas fa-american-sign-language-interpreting","type":"solid"},{"name":"Amilia","value":"fab fa-amilia","type":"brands"},{"name":"Anchor","value":"fas fa-anchor","type":"solid"},{"name":"Android","value":"fab fa-android","type":"brands"},{"name":"AngelList","value":"fab fa-angellist","type":"brands"},{"name":"Angle Double Down","value":"fas fa-angle-double-down","type":"solid"},{"name":"Angle Double Left","value":"fas fa-angle-double-left","type":"solid"},{"name":"Angle Double Right","value":"fas fa-angle-double-right","type":"solid"},{"name":"Angle Double Up","value":"fas fa-angle-double-up","type":"solid"},{"name":"Angry Creative","value":"fab fa-angrycreative","type":"brands"},{"name":"Angry Face","value":"far fa-angry","type":"regular"},{"name":"Angry Face","value":"fas fa-angry","type":"solid"},{"name":"Angular","value":"fab fa-angular","type":"brands"},{"name":"Ankh","value":"fas fa-ankh","type":"solid"},{"name":"App Store","value":"fab fa-app-store","type":"brands"},{"name":"App.net","value":"fab fa-adn","type":"brands"},{"name":"Apper Systems AB","value":"fab fa-apper","type":"brands"},{"name":"Apple","value":"fab fa-apple","type":"brands"},{"name":"Apple Pay","value":"fab fa-apple-pay","type":"brands"},{"name":"Apple Pay Credit Card","value":"fab fa-cc-apple-pay","type":"brands"},{"name":"Archive","value":"fas fa-archive","type":"solid"},{"name":"Archive File","value":"far fa-file-archive","type":"regular"},{"name":"Archive File","value":"fas fa-file-archive","type":"solid"},{"name":"Archway","value":"fas fa-archway","type":"solid"},{"name":"Area Chart","value":"fas fa-chart-area","type":"solid"},{"name":"Arrow Circle Down","value":"fas fa-arrow-circle-down","type":"solid"},{"name":"Arrow Circle Left","value":"fas fa-arrow-circle-left","type":"solid"},{"name":"Arrow Circle Right","value":"fas fa-arrow-circle-right","type":"solid"},{"name":"Arrow Circle Up","value":"fas fa-arrow-circle-up","type":"solid"},{"name":"Artstation","value":"fab fa-artstation","type":"brands"},{"name":"Assistive Listening Systems","value":"fas fa-assistive-listening-systems","type":"solid"},{"name":"Asymmetrik, Ltd.","value":"fab fa-asymmetrik","type":"brands"},{"name":"At","value":"fas fa-at","type":"solid"},{"name":"Atlas","value":"fas fa-atlas","type":"solid"},{"name":"Atlassian","value":"fab fa-atlassian","type":"brands"},{"name":"Atom","value":"fas fa-atom","type":"solid"},{"name":"Audible","value":"fab fa-audible","type":"brands"},{"name":"Audio Description","value":"fas fa-audio-description","type":"solid"},{"name":"Autoprefixer","value":"fab fa-autoprefixer","type":"brands"},{"name":"Aviato","value":"fab fa-aviato","type":"brands"},{"name":"Award","value":"fas fa-award","type":"solid"},{"name":"BIMobject","value":"fab fa-bimobject","type":"brands"},{"name":"BTC","value":"fab fa-btc","type":"brands"},{"name":"Baby","value":"fas fa-baby","type":"solid"},{"name":"Baby Carriage","value":"fas fa-baby-carriage","type":"solid"},{"name":"Backspace","value":"fas fa-backspace","type":"solid"},{"name":"Bacon","value":"fas fa-bacon","type":"solid"},{"name":"Balance Scale","value":"fas fa-balance-scale","type":"solid"},{"name":"Band-Aid","value":"fas fa-band-aid","type":"solid"},{"name":"Bandcamp","value":"fab fa-bandcamp","type":"brands"},{"name":"Bar Chart","value":"fas fa-chart-bar","type":"solid"},{"name":"Bar Chart","value":"far fa-chart-bar","type":"regular"},{"name":"Bars","value":"fas fa-bars","type":"solid"},{"name":"Baseball Ball","value":"fas fa-baseball-ball","type":"solid"},{"name":"Basketball Ball","value":"fas fa-basketball-ball","type":"solid"},{"name":"Bath","value":"fas fa-bath","type":"solid"},{"name":"Battery 1\/2 Full","value":"fas fa-battery-half","type":"solid"},{"name":"Battery 1\/4 Full","value":"fas fa-battery-quarter","type":"solid"},{"name":"Battery 3\/4 Full","value":"fas fa-battery-three-quarters","type":"solid"},{"name":"Battery Empty","value":"fas fa-battery-empty","type":"solid"},{"name":"Battery Full","value":"fas fa-battery-full","type":"solid"},{"name":"Beaming Face With Smiling Eyes","value":"far fa-smile-beam","type":"regular"},{"name":"Beaming Face With Smiling Eyes","value":"fas fa-smile-beam","type":"solid"},{"name":"Bed","value":"fas fa-bed","type":"solid"},{"name":"Behance","value":"fab fa-behance","type":"brands"},{"name":"Behance Square","value":"fab fa-behance-square","type":"brands"},{"name":"Bell Slash","value":"fas fa-bell-slash","type":"solid"},{"name":"Bell Slash","value":"far fa-bell-slash","type":"regular"},{"name":"Bezier Curve","value":"fas fa-bezier-curve","type":"solid"},{"name":"Bible","value":"fas fa-bible","type":"solid"},{"name":"Bicycle","value":"fas fa-bicycle","type":"solid"},{"name":"Binoculars","value":"fas fa-binoculars","type":"solid"},{"name":"Biohazard","value":"fas fa-biohazard","type":"solid"},{"name":"Biohazard","value":"fas fa-biohazard","type":"solid"},{"name":"Birthday Cake","value":"fas fa-birthday-cake","type":"solid"},{"name":"Bitbucket","value":"fab fa-bitbucket","type":"brands"},{"name":"Bitcoin","value":"fab fa-bitcoin","type":"brands"},{"name":"Bity","value":"fab fa-bity","type":"brands"},{"name":"BlackBerry","value":"fab fa-blackberry","type":"brands"},{"name":"Blender","value":"fas fa-blender","type":"solid"},{"name":"Blender Phone","value":"fas fa-blender-phone","type":"solid"},{"name":"Blind","value":"fas fa-blind","type":"solid"},{"name":"Blog","value":"fas fa-blog","type":"solid"},{"name":"Blogger","value":"fab fa-blogger","type":"brands"},{"name":"Blogger B","value":"fab fa-blogger-b","type":"brands"},{"name":"Bluetooth","value":"fab fa-bluetooth","type":"brands"},{"name":"Bluetooth","value":"fab fa-bluetooth-b","type":"brands"},{"name":"Bomb","value":"fas fa-bomb","type":"solid"},{"name":"Bone","value":"fas fa-bone","type":"solid"},{"name":"Bong","value":"fas fa-bong","type":"solid"},{"name":"Book Open","value":"fas fa-book-open","type":"solid"},{"name":"Book Reader","value":"fas fa-book-reader","type":"solid"},{"name":"Book of the Dead","value":"fas fa-book-dead","type":"solid"},{"name":"Bowling Ball","value":"fas fa-bowling-ball","type":"solid"},{"name":"Box","value":"fas fa-box","type":"solid"},{"name":"Box Open","value":"fas fa-box-open","type":"solid"},{"name":"Box Open","value":"fas fa-box-open","type":"solid"},{"name":"Boxes","value":"fas fa-boxes","type":"solid"},{"name":"Braille","value":"fas fa-braille","type":"solid"},{"name":"Brain","value":"fas fa-brain","type":"solid"},{"name":"Bread Slice","value":"fas fa-bread-slice","type":"solid"},{"name":"Briefcase","value":"fas fa-briefcase","type":"solid"},{"name":"Broadcast Tower","value":"fas fa-broadcast-tower","type":"solid"},{"name":"Broom","value":"fas fa-broom","type":"solid"},{"name":"Brush","value":"fas fa-brush","type":"solid"},{"name":"Bug","value":"fas fa-bug","type":"solid"},{"name":"Building","value":"far fa-building","type":"regular"},{"name":"Building","value":"fas fa-building","type":"solid"},{"name":"Bullseye","value":"fas fa-bullseye","type":"solid"},{"name":"Burn","value":"fas fa-burn","type":"solid"},{"name":"Bus","value":"fas fa-bus","type":"solid"},{"name":"Bus Alt","value":"fas fa-bus-alt","type":"solid"},{"name":"Business Time","value":"fas fa-business-time","type":"solid"},{"name":"BuySellAds","value":"fab fa-buysellads","type":"brands"},{"name":"B\u00fcrom\u00f6bel-Experte GmbH & Co. KG.","value":"fab fa-buromobelexperte","type":"brands"},{"name":"CSS 3 Logo","value":"fab fa-css3","type":"brands"},{"name":"Calculator","value":"fas fa-calculator","type":"solid"},{"name":"Calendar","value":"fas fa-calendar","type":"solid"},{"name":"Calendar","value":"far fa-calendar","type":"regular"},{"name":"Calendar Check","value":"fas fa-calendar-check","type":"solid"},{"name":"Calendar Check","value":"far fa-calendar-check","type":"regular"},{"name":"Calendar Minus","value":"fas fa-calendar-minus","type":"solid"},{"name":"Calendar Minus","value":"far fa-calendar-minus","type":"regular"},{"name":"Calendar Plus","value":"far fa-calendar-plus","type":"regular"},{"name":"Calendar Plus","value":"fas fa-calendar-plus","type":"solid"},{"name":"Calendar Times","value":"far fa-calendar-times","type":"regular"},{"name":"Calendar Times","value":"fas fa-calendar-times","type":"solid"},{"name":"Calendar with Day Focus","value":"fas fa-calendar-day","type":"solid"},{"name":"Calendar with Week Focus","value":"fas fa-calendar-week","type":"solid"},{"name":"Campground","value":"fas fa-campground","type":"solid"},{"name":"Canadian Maple Leaf","value":"fab fa-canadian-maple-leaf","type":"brands"},{"name":"Candy Cane","value":"fas fa-candy-cane","type":"solid"},{"name":"Cannabis","value":"fas fa-cannabis","type":"solid"},{"name":"Capsules","value":"fas fa-capsules","type":"solid"},{"name":"Car","value":"fas fa-car","type":"solid"},{"name":"Car Battery","value":"fas fa-car-battery","type":"solid"},{"name":"Car Crash","value":"fas fa-car-crash","type":"solid"},{"name":"Car Side","value":"fas fa-car-side","type":"solid"},{"name":"Cardboard VR","value":"fas fa-vr-cardboard","type":"solid"},{"name":"Caret Down","value":"fas fa-caret-down","type":"solid"},{"name":"Caret Left","value":"fas fa-caret-left","type":"solid"},{"name":"Caret Right","value":"fas fa-caret-right","type":"solid"},{"name":"Caret Square Down","value":"fas fa-caret-square-down","type":"solid"},{"name":"Caret Square Down","value":"far fa-caret-square-down","type":"regular"},{"name":"Caret Square Left","value":"fas fa-caret-square-left","type":"solid"},{"name":"Caret Square Left","value":"far fa-caret-square-left","type":"regular"},{"name":"Caret Square Right","value":"fas fa-caret-square-right","type":"solid"},{"name":"Caret Square Right","value":"far fa-caret-square-right","type":"regular"},{"name":"Caret Square Up","value":"fas fa-caret-square-up","type":"solid"},{"name":"Caret Square Up","value":"far fa-caret-square-up","type":"regular"},{"name":"Caret Up","value":"fas fa-caret-up","type":"solid"},{"name":"Carrot","value":"fas fa-carrot","type":"solid"},{"name":"Cash Register","value":"fas fa-cash-register","type":"solid"},{"name":"Cat","value":"fas fa-cat","type":"solid"},{"name":"Centercode","value":"fab fa-centercode","type":"brands"},{"name":"Centos","value":"fab fa-centos","type":"brands"},{"name":"Chair","value":"fas fa-chair","type":"solid"},{"name":"Chalkboard","value":"fas fa-chalkboard","type":"solid"},{"name":"Chalkboard Teacher","value":"fas fa-chalkboard-teacher","type":"solid"},{"name":"Charging Station","value":"fas fa-charging-station","type":"solid"},{"name":"Check","value":"fas fa-check","type":"solid"},{"name":"Check Circle","value":"far fa-check-circle","type":"regular"},{"name":"Check Circle","value":"fas fa-check-circle","type":"solid"},{"name":"Check Double","value":"fas fa-check-double","type":"solid"},{"name":"Check Square","value":"far fa-check-square","type":"regular"},{"name":"Check Square","value":"fas fa-check-square","type":"solid"},{"name":"Cheese","value":"fas fa-cheese","type":"solid"},{"name":"Chess","value":"fas fa-chess","type":"solid"},{"name":"Chess Bishop","value":"fas fa-chess-bishop","type":"solid"},{"name":"Chess Board","value":"fas fa-chess-board","type":"solid"},{"name":"Chess Board","value":"fas fa-chess-board","type":"solid"},{"name":"Chess King","value":"fas fa-chess-king","type":"solid"},{"name":"Chess Knight","value":"fas fa-chess-knight","type":"solid"},{"name":"Chess Pawn","value":"fas fa-chess-pawn","type":"solid"},{"name":"Chess Queen","value":"fas fa-chess-queen","type":"solid"},{"name":"Chess Rook","value":"fas fa-chess-rook","type":"solid"},{"name":"Chevron Circle Down","value":"fas fa-chevron-circle-down","type":"solid"},{"name":"Chevron Circle Left","value":"fas fa-chevron-circle-left","type":"solid"},{"name":"Chevron Circle Right","value":"fas fa-chevron-circle-right","type":"solid"},{"name":"Chevron Circle Up","value":"fas fa-chevron-circle-up","type":"solid"},{"name":"Child","value":"fas fa-child","type":"solid"},{"name":"Chrome","value":"fab fa-chrome","type":"brands"},{"name":"Church","value":"fas fa-church","type":"solid"},{"name":"Circle","value":"far fa-circle","type":"regular"},{"name":"Circle","value":"fas fa-circle","type":"solid"},{"name":"Circle Notched","value":"fas fa-circle-notch","type":"solid"},{"name":"City","value":"fas fa-city","type":"solid"},{"name":"Clipboard","value":"far fa-clipboard","type":"regular"},{"name":"Clipboard","value":"fas fa-clipboard","type":"solid"},{"name":"Clipboard List","value":"fas fa-clipboard-list","type":"solid"},{"name":"Clipboard with Check","value":"fas fa-clipboard-check","type":"solid"},{"name":"Clock","value":"far fa-clock","type":"regular"},{"name":"Clock","value":"fas fa-clock","type":"solid"},{"name":"Clone","value":"far fa-clone","type":"regular"},{"name":"Clone","value":"fas fa-clone","type":"solid"},{"name":"Closed Captioning","value":"far fa-closed-captioning","type":"regular"},{"name":"Closed Captioning","value":"fas fa-closed-captioning","type":"solid"},{"name":"Cloud","value":"fas fa-cloud","type":"solid"},{"name":"Cloud with (a chance of) Meatball","value":"fas fa-cloud-meatball","type":"solid"},{"name":"Cloud with Heavy Showers","value":"fas fa-cloud-showers-heavy","type":"solid"},{"name":"Cloud with Moon","value":"fas fa-cloud-moon","type":"solid"},{"name":"Cloud with Moon and Rain","value":"fas fa-cloud-moon-rain","type":"solid"},{"name":"Cloud with Rain","value":"fas fa-cloud-rain","type":"solid"},{"name":"Cloud with Sun","value":"fas fa-cloud-sun","type":"solid"},{"name":"Cloud with Sun and Rain","value":"fas fa-cloud-sun-rain","type":"solid"},{"name":"Cloudsmith","value":"fab fa-cloudsmith","type":"brands"},{"name":"Cocktail","value":"fas fa-cocktail","type":"solid"},{"name":"Code","value":"fas fa-code","type":"solid"},{"name":"Code Branch","value":"fas fa-code-branch","type":"solid"},{"name":"Codepen","value":"fab fa-codepen","type":"brands"},{"name":"Codie Pie","value":"fab fa-codiepie","type":"brands"},{"name":"Coffee","value":"fas fa-coffee","type":"solid"},{"name":"Coins","value":"fas fa-coins","type":"solid"},{"name":"Columns","value":"fas fa-columns","type":"solid"},{"name":"Comment Dollar","value":"fas fa-comment-dollar","type":"solid"},{"name":"Comment Dots","value":"far fa-comment-dots","type":"regular"},{"name":"Comment Dots","value":"fas fa-comment-dots","type":"solid"},{"name":"Comment Slash","value":"fas fa-comment-slash","type":"solid"},{"name":"Comments Dollar","value":"fas fa-comments-dollar","type":"solid"},{"name":"Compact Disc","value":"fas fa-compact-disc","type":"solid"},{"name":"Compass","value":"fas fa-compass","type":"solid"},{"name":"Compass","value":"far fa-compass","type":"regular"},{"name":"Compress","value":"fas fa-compress","type":"solid"},{"name":"Concierge Bell","value":"fas fa-concierge-bell","type":"solid"},{"name":"Confluence","value":"fab fa-confluence","type":"brands"},{"name":"Connect Develop","value":"fab fa-connectdevelop","type":"brands"},{"name":"Contao","value":"fab fa-contao","type":"brands"},{"name":"Cookie","value":"fas fa-cookie","type":"solid"},{"name":"Cookie Bite","value":"fas fa-cookie-bite","type":"solid"},{"name":"Copy","value":"fas fa-copy","type":"solid"},{"name":"Copy","value":"far fa-copy","type":"regular"},{"name":"Copyright","value":"fas fa-copyright","type":"solid"},{"name":"Copyright","value":"far fa-copyright","type":"regular"},{"name":"Couch","value":"fas fa-couch","type":"solid"},{"name":"Creative Commons","value":"fab fa-creative-commons","type":"brands"},{"name":"Creative Commons Attribution","value":"fab fa-creative-commons-by","type":"brands"},{"name":"Creative Commons CC0","value":"fab fa-creative-commons-zero","type":"brands"},{"name":"Creative Commons No Derivative Works","value":"fab fa-creative-commons-nd","type":"brands"},{"name":"Creative Commons Noncommercial","value":"fab fa-creative-commons-nc","type":"brands"},{"name":"Creative Commons Noncommercial (Euro Sign)","value":"fab fa-creative-commons-nc-eu","type":"brands"},{"name":"Creative Commons Noncommercial (Yen Sign)","value":"fab fa-creative-commons-nc-jp","type":"brands"},{"name":"Creative Commons Public Domain","value":"fab fa-creative-commons-pd","type":"brands"},{"name":"Creative Commons Remix","value":"fab fa-creative-commons-remix","type":"brands"},{"name":"Creative Commons Sampling","value":"fab fa-creative-commons-sampling","type":"brands"},{"name":"Creative Commons Sampling +","value":"fab fa-creative-commons-sampling-plus","type":"brands"},{"name":"Creative Commons Share","value":"fab fa-creative-commons-share","type":"brands"},{"name":"Creative Commons Share Alike","value":"fab fa-creative-commons-sa","type":"brands"},{"name":"Credit Card","value":"far fa-credit-card","type":"regular"},{"name":"Credit Card","value":"fas fa-credit-card","type":"solid"},{"name":"Critical Role","value":"fab fa-critical-role","type":"brands"},{"name":"Cross","value":"fas fa-cross","type":"solid"},{"name":"Crosshairs","value":"fas fa-crosshairs","type":"solid"},{"name":"Crow","value":"fas fa-crow","type":"solid"},{"name":"Crown","value":"fas fa-crown","type":"solid"},{"name":"Crutch","value":"fas fa-crutch","type":"solid"},{"name":"Crying Face","value":"far fa-sad-cry","type":"regular"},{"name":"Crying Face","value":"fas fa-sad-cry","type":"solid"},{"name":"Cube","value":"fas fa-cube","type":"solid"},{"name":"Cubes","value":"fas fa-cubes","type":"solid"},{"name":"Cut","value":"fas fa-cut","type":"solid"},{"name":"Cuttlefish","value":"fab fa-cuttlefish","type":"brands"},{"name":"D&D Beyond","value":"fab fa-d-and-d-beyond","type":"brands"},{"name":"DEV","value":"fab fa-dev","type":"brands"},{"name":"DHL","value":"fab fa-dhl","type":"brands"},{"name":"DashCube","value":"fab fa-dashcube","type":"brands"},{"name":"Database","value":"fas fa-database","type":"solid"},{"name":"Deaf","value":"fas fa-deaf","type":"solid"},{"name":"Delicious","value":"fab fa-delicious","type":"brands"},{"name":"Delicious Logo","value":"fab fa-delicious","type":"brands"},{"name":"Democrat","value":"fas fa-democrat","type":"solid"},{"name":"Deskpro","value":"fab fa-deskpro","type":"brands"},{"name":"Desktop","value":"fas fa-desktop","type":"solid"},{"name":"Dharmachakra","value":"fas fa-dharmachakra","type":"solid"},{"name":"Diagnoses","value":"fas fa-diagnoses","type":"solid"},{"name":"Diagnoses","value":"fas fa-diagnoses","type":"solid"},{"name":"Diaspora","value":"fab fa-diaspora","type":"brands"},{"name":"Digital Ocean","value":"fab fa-digital-ocean","type":"brands"},{"name":"Diner's Club Credit Card","value":"fab fa-cc-diners-club","type":"brands"},{"name":"Discover Credit Card","value":"fab fa-cc-discover","type":"brands"},{"name":"Doctor","value":"fas fa-user-md","type":"solid"},{"name":"Drumstick with Bite Taken Out","value":"fas fa-drumstick-bite","type":"solid"},{"name":"Dungeons & Dragons","value":"fab fa-d-and-d","type":"brands"},{"name":"Egg","value":"fas fa-egg","type":"solid"},{"name":"Erlang","value":"fab fa-erlang","type":"brands"},{"name":"Eye","value":"far fa-eye","type":"regular"},{"name":"Eye","value":"fas fa-eye","type":"solid"},{"name":"Eye Slash","value":"fas fa-eye-slash","type":"solid"},{"name":"Eye Slash","value":"far fa-eye-slash","type":"regular"},{"name":"Face Blowing a Kiss","value":"far fa-kiss-wink-heart","type":"regular"},{"name":"Face Blowing a Kiss","value":"fas fa-kiss-wink-heart","type":"solid"},{"name":"Face With Rolling Eyes","value":"fas fa-meh-rolling-eyes","type":"solid"},{"name":"Face With Rolling Eyes","value":"far fa-meh-rolling-eyes","type":"regular"},{"name":"Face Without Mouth","value":"far fa-meh-blank","type":"regular"},{"name":"Face Without Mouth","value":"fas fa-meh-blank","type":"solid"},{"name":"Figma","value":"fab fa-figma","type":"brands"},{"name":"File Export","value":"fas fa-file-export","type":"solid"},{"name":"File Import","value":"fas fa-file-import","type":"solid"},{"name":"Font Awesome Black Tie","value":"fab fa-black-tie","type":"brands"},{"name":"Fruit Apple","value":"fas fa-apple-alt","type":"solid"},{"name":"GitLab","value":"fab fa-gitlab","type":"brands"},{"name":"Gopuram","value":"fas fa-gopuram","type":"solid"},{"name":"Grinning Face With Big Eyes","value":"far fa-laugh","type":"regular"},{"name":"Grinning Face With Big Eyes","value":"fas fa-laugh","type":"solid"},{"name":"Hamburger","value":"fas fa-hamburger","type":"solid"},{"name":"Hand with Middle Finger Raised","value":"fas fa-hand-middle-finger","type":"solid"},{"name":"Hanging Weight","value":"fas fa-weight-hanging","type":"solid"},{"name":"Hard Hat","value":"fas fa-hard-hat","type":"solid"},{"name":"High Temperature","value":"fas fa-temperature-high","type":"solid"},{"name":"Hooli","value":"fab fa-hooli","type":"brands"},{"name":"Horizontal Sliders","value":"fas fa-sliders-h","type":"solid"},{"name":"Hot Dog","value":"fas fa-hotdog","type":"solid"},{"name":"Hot Pepper","value":"fas fa-pepper-hot","type":"solid"},{"name":"Hot Pepper","value":"fas fa-pepper-hot","type":"solid"},{"name":"Hushed Face","value":"far fa-surprise","type":"regular"},{"name":"Hushed Face","value":"fas fa-surprise","type":"solid"},{"name":"Ice Cream","value":"fas fa-ice-cream","type":"solid"},{"name":"InVision","value":"fab fa-invision","type":"brands"},{"name":"Indent","value":"fas fa-indent","type":"solid"},{"name":"Indian Rupee Sign","value":"fas fa-rupee-sign","type":"solid"},{"name":"Industry","value":"fas fa-industry","type":"solid"},{"name":"Infinity","value":"fas fa-infinity","type":"solid"},{"name":"Info","value":"fas fa-info","type":"solid"},{"name":"Info Circle","value":"fas fa-info-circle","type":"solid"},{"name":"Instagram","value":"fab fa-instagram","type":"brands"},{"name":"Intercom","value":"fab fa-intercom","type":"brands"},{"name":"Internet-explorer","value":"fab fa-internet-explorer","type":"brands"},{"name":"Itunes Note","value":"fab fa-itunes-note","type":"brands"},{"name":"JCB Credit Card","value":"fab fa-cc-jcb","type":"brands"},{"name":"Java","value":"fab fa-java","type":"brands"},{"name":"Java","value":"fab fa-java","type":"brands"},{"name":"JavaScript (JS)","value":"fab fa-js","type":"brands"},{"name":"JavaScript (JS) Square","value":"fab fa-js-square","type":"brands"},{"name":"Jedi","value":"fas fa-jedi","type":"solid"},{"name":"Jedi Order","value":"fab fa-jedi-order","type":"brands"},{"name":"Jedi Order","value":"fab fa-jedi-order","type":"brands"},{"name":"Jenkis","value":"fab fa-jenkins","type":"brands"},{"name":"Jira","value":"fab fa-jira","type":"brands"},{"name":"Joget","value":"fab fa-joget","type":"brands"},{"name":"Joint","value":"fas fa-joint","type":"solid"},{"name":"Joomla Logo","value":"fab fa-joomla","type":"brands"},{"name":"Journal of the Whills","value":"fas fa-journal-whills","type":"solid"},{"name":"KORVUE","value":"fab fa-korvue","type":"brands"},{"name":"Kaaba","value":"fas fa-kaaba","type":"solid"},{"name":"Kaggle","value":"fab fa-kaggle","type":"brands"},{"name":"KeyCDN","value":"fab fa-keycdn","type":"brands"},{"name":"Keybase","value":"fab fa-keybase","type":"brands"},{"name":"Keyboard","value":"fas fa-keyboard","type":"solid"},{"name":"Keyboard","value":"far fa-keyboard","type":"regular"},{"name":"Khanda","value":"fas fa-khanda","type":"solid"},{"name":"Kickstarter","value":"fab fa-kickstarter","type":"brands"},{"name":"Kickstarter K","value":"fab fa-kickstarter-k","type":"brands"},{"name":"Kissing Face","value":"fas fa-kiss","type":"solid"},{"name":"Kissing Face","value":"far fa-kiss","type":"regular"},{"name":"Kissing Face With Smiling Eyes","value":"far fa-kiss-beam","type":"regular"},{"name":"Kissing Face With Smiling Eyes","value":"fas fa-kiss-beam","type":"solid"},{"name":"Kiwi Bird","value":"fas fa-kiwi-bird","type":"solid"},{"name":"Landmark","value":"fas fa-landmark","type":"solid"},{"name":"Language","value":"fas fa-language","type":"solid"},{"name":"Laptop","value":"fas fa-laptop","type":"solid"},{"name":"Laptop Code","value":"fas fa-laptop-code","type":"solid"},{"name":"Laptop Medical","value":"fas fa-laptop-medical","type":"solid"},{"name":"Laptop Medical","value":"fas fa-laptop-medical","type":"solid"},{"name":"Laravel","value":"fab fa-laravel","type":"brands"},{"name":"Laugh Face with Beaming Eyes","value":"fas fa-laugh-beam","type":"solid"},{"name":"Laugh Face with Beaming Eyes","value":"far fa-laugh-beam","type":"regular"},{"name":"Laughing Squinting Face","value":"fas fa-laugh-squint","type":"solid"},{"name":"Laughing Squinting Face","value":"far fa-laugh-squint","type":"regular"},{"name":"Laughing Winking Face","value":"far fa-laugh-wink","type":"regular"},{"name":"Laughing Winking Face","value":"fas fa-laugh-wink","type":"solid"},{"name":"Layer Group","value":"fas fa-layer-group","type":"solid"},{"name":"Leanpub","value":"fab fa-leanpub","type":"brands"},{"name":"Lemon","value":"far fa-lemon","type":"regular"},{"name":"Lemon","value":"fas fa-lemon","type":"solid"},{"name":"Less","value":"fab fa-less","type":"brands"},{"name":"Less Than","value":"fas fa-less-than","type":"solid"},{"name":"Less Than Equal To","value":"fas fa-less-than-equal","type":"solid"},{"name":"Life Ring","value":"far fa-life-ring","type":"regular"},{"name":"Life Ring","value":"fas fa-life-ring","type":"solid"},{"name":"Lightbulb","value":"far fa-lightbulb","type":"regular"},{"name":"Lightbulb","value":"fas fa-lightbulb","type":"solid"},{"name":"Lightning Bolt","value":"fas fa-bolt","type":"solid"},{"name":"Line","value":"fab fa-line","type":"brands"},{"name":"Line Chart","value":"fas fa-chart-line","type":"solid"},{"name":"Link","value":"fas fa-link","type":"solid"},{"name":"LinkedIn","value":"fab fa-linkedin","type":"brands"},{"name":"LinkedIn In","value":"fab fa-linkedin-in","type":"brands"},{"name":"Linode","value":"fab fa-linode","type":"brands"},{"name":"Linux","value":"fab fa-linux","type":"brands"},{"name":"List","value":"fas fa-list","type":"solid"},{"name":"Lock Open","value":"fas fa-lock-open","type":"solid"},{"name":"Loudly Crying Face","value":"fas fa-sad-tear","type":"solid"},{"name":"Loudly Crying Face","value":"far fa-sad-tear","type":"regular"},{"name":"Low Temperature","value":"fas fa-temperature-low","type":"solid"},{"name":"Low Vision","value":"fas fa-low-vision","type":"solid"},{"name":"Luggage Cart","value":"fas fa-luggage-cart","type":"solid"},{"name":"MODX","value":"fab fa-modx","type":"brands"},{"name":"MRT","value":"fab fa-medrt","type":"brands"},{"name":"Magento","value":"fab fa-magento","type":"brands"},{"name":"Mail Bulk","value":"fas fa-mail-bulk","type":"solid"},{"name":"Mailchimp","value":"fab fa-mailchimp","type":"brands"},{"name":"Mailchimp","value":"fab fa-mailchimp","type":"brands"},{"name":"Male","value":"fas fa-male","type":"solid"},{"name":"Mandalorian","value":"fab fa-mandalorian","type":"brands"},{"name":"Map","value":"far fa-map","type":"regular"},{"name":"Map","value":"fas fa-map","type":"solid"},{"name":"Map Marked","value":"fas fa-map-marked","type":"solid"},{"name":"Map Pin","value":"fas fa-map-pin","type":"solid"},{"name":"Map Signs","value":"fas fa-map-signs","type":"solid"},{"name":"Markdown","value":"fab fa-markdown","type":"brands"},{"name":"Markdown","value":"fab fa-markdown","type":"brands"},{"name":"Marker","value":"fas fa-marker","type":"solid"},{"name":"Mars","value":"fas fa-mars","type":"solid"},{"name":"Mars Double","value":"fas fa-mars-double","type":"solid"},{"name":"Mars Stroke","value":"fas fa-mars-stroke","type":"solid"},{"name":"Mars Stroke Horizontal","value":"fas fa-mars-stroke-h","type":"solid"},{"name":"Mars Stroke Vertical","value":"fas fa-mars-stroke-v","type":"solid"},{"name":"Mask","value":"fas fa-mask","type":"solid"},{"name":"MasterCard Credit Card","value":"fab fa-cc-mastercard","type":"brands"},{"name":"Mastodon","value":"fab fa-mastodon","type":"brands"},{"name":"MaxCDN","value":"fab fa-maxcdn","type":"brands"},{"name":"MedApps","value":"fab fa-medapps","type":"brands"},{"name":"Medal","value":"fas fa-medal","type":"solid"},{"name":"Medical Book","value":"fas fa-book-medical","type":"solid"},{"name":"Medical Briefcase","value":"fas fa-briefcase-medical","type":"solid"},{"name":"Medical Clinic","value":"fas fa-clinic-medical","type":"solid"},{"name":"Medical Notes","value":"fas fa-notes-medical","type":"solid"},{"name":"Medium","value":"fab fa-medium","type":"brands"},{"name":"Medium M","value":"fab fa-medium-m","type":"brands"},{"name":"Meetup","value":"fab fa-meetup","type":"brands"},{"name":"Megaport","value":"fab fa-megaport","type":"brands"},{"name":"Memory","value":"fas fa-memory","type":"solid"},{"name":"Mendeley","value":"fab fa-mendeley","type":"brands"},{"name":"Menorah","value":"fas fa-menorah","type":"solid"},{"name":"Mercury","value":"fas fa-mercury","type":"solid"},{"name":"Meteor","value":"fas fa-meteor","type":"solid"},{"name":"Microchip","value":"fas fa-microchip","type":"solid"},{"name":"Microphone Slash","value":"fas fa-microphone-slash","type":"solid"},{"name":"Microscope","value":"fas fa-microscope","type":"solid"},{"name":"Microsoft","value":"fab fa-microsoft","type":"brands"},{"name":"Minus Circle","value":"fas fa-minus-circle","type":"solid"},{"name":"Minus Square","value":"fas fa-minus-square","type":"solid"},{"name":"Minus Square","value":"far fa-minus-square","type":"regular"},{"name":"Mitten","value":"fas fa-mitten","type":"solid"},{"name":"Mix","value":"fab fa-mix","type":"brands"},{"name":"Mixcloud","value":"fab fa-mixcloud","type":"brands"},{"name":"Mizuni","value":"fab fa-mizuni","type":"brands"},{"name":"Mobile Phone","value":"fas fa-mobile","type":"solid"},{"name":"Monero","value":"fab fa-monero","type":"brands"},{"name":"Money Bill","value":"fas fa-money-bill","type":"solid"},{"name":"Money Check","value":"fas fa-money-check","type":"solid"},{"name":"Monument","value":"fas fa-monument","type":"solid"},{"name":"Moon","value":"far fa-moon","type":"regular"},{"name":"Moon","value":"fas fa-moon","type":"solid"},{"name":"Mortar Pestle","value":"fas fa-mortar-pestle","type":"solid"},{"name":"Mosque","value":"fas fa-mosque","type":"solid"},{"name":"Motorcycle","value":"fas fa-motorcycle","type":"solid"},{"name":"Mountain","value":"fas fa-mountain","type":"solid"},{"name":"Mouse Pointer","value":"fas fa-mouse-pointer","type":"solid"},{"name":"Mug Hot","value":"fas fa-mug-hot","type":"solid"},{"name":"Music","value":"fas fa-music","type":"solid"},{"name":"NS8","value":"fab fa-ns8","type":"brands"},{"name":"Napster","value":"fab fa-napster","type":"brands"},{"name":"Neos","value":"fab fa-neos","type":"brands"},{"name":"Neuter","value":"fas fa-neuter","type":"solid"},{"name":"Neutral Face","value":"far fa-meh","type":"regular"},{"name":"Neutral Face","value":"fas fa-meh","type":"solid"},{"name":"Newspaper","value":"fas fa-newspaper","type":"solid"},{"name":"Newspaper","value":"far fa-newspaper","type":"regular"},{"name":"Nimblr","value":"fab fa-nimblr","type":"brands"},{"name":"Nintendo Switch","value":"fab fa-nintendo-switch","type":"brands"},{"name":"Node.js","value":"fab fa-node","type":"brands"},{"name":"Node.js JS","value":"fab fa-node-js","type":"brands"},{"name":"Not Equal","value":"fas fa-not-equal","type":"solid"},{"name":"Nurse","value":"fas fa-user-nurse","type":"solid"},{"name":"Nurse","value":"fas fa-user-nurse","type":"solid"},{"name":"Nutritionix","value":"fab fa-nutritionix","type":"brands"},{"name":"Object Group","value":"far fa-object-group","type":"regular"},{"name":"Object Group","value":"fas fa-object-group","type":"solid"},{"name":"Object Ungroup","value":"fas fa-object-ungroup","type":"solid"},{"name":"Object Ungroup","value":"far fa-object-ungroup","type":"regular"},{"name":"Odnoklassniki","value":"fab fa-odnoklassniki","type":"brands"},{"name":"Odnoklassniki Square","value":"fab fa-odnoklassniki-square","type":"brands"},{"name":"Oil Can","value":"fas fa-oil-can","type":"solid"},{"name":"Old Republic","value":"fab fa-old-republic","type":"brands"},{"name":"Om","value":"fas fa-om","type":"solid"},{"name":"Open Source Initiative","value":"fab fa-osi","type":"brands"},{"name":"OpenCart","value":"fab fa-opencart","type":"brands"},{"name":"OpenID","value":"fab fa-openid","type":"brands"},{"name":"Opera","value":"fab fa-opera","type":"brands"},{"name":"Optin Monster","value":"fab fa-optin-monster","type":"brands"},{"name":"Optin Monster","value":"fab fa-optin-monster","type":"brands"},{"name":"Otter","value":"fas fa-otter","type":"solid"},{"name":"Outdent","value":"fas fa-outdent","type":"solid"},{"name":"PHP","value":"fab fa-php","type":"brands"},{"name":"Pagelines","value":"fab fa-pagelines","type":"brands"},{"name":"Pager","value":"fas fa-pager","type":"solid"},{"name":"Pager","value":"fas fa-pager","type":"solid"},{"name":"Paint Brush","value":"fas fa-paint-brush","type":"solid"},{"name":"Paint Roller","value":"fas fa-paint-roller","type":"solid"},{"name":"Palette","value":"fas fa-palette","type":"solid"},{"name":"Palfed","value":"fab fa-palfed","type":"brands"},{"name":"Pallet","value":"fas fa-pallet","type":"solid"},{"name":"Paper Plane","value":"far fa-paper-plane","type":"regular"},{"name":"Paper Plane","value":"fas fa-paper-plane","type":"solid"},{"name":"Paperclip","value":"fas fa-paperclip","type":"solid"},{"name":"Parachute Box","value":"fas fa-parachute-box","type":"solid"},{"name":"Parking","value":"fas fa-parking","type":"solid"},{"name":"Passport","value":"fas fa-passport","type":"solid"},{"name":"Pastafarianism","value":"fas fa-pastafarianism","type":"solid"},{"name":"Paste","value":"fas fa-paste","type":"solid"},{"name":"Patreon","value":"fab fa-patreon","type":"brands"},{"name":"Pause Circle","value":"far fa-pause-circle","type":"regular"},{"name":"Pause Circle","value":"fas fa-pause-circle","type":"solid"},{"name":"Paw","value":"fas fa-paw","type":"solid"},{"name":"Paypal","value":"fab fa-paypal","type":"brands"},{"name":"Paypal Credit Card","value":"fab fa-cc-paypal","type":"brands"},{"name":"Peace","value":"fas fa-peace","type":"solid"},{"name":"Pen","value":"fas fa-pen","type":"solid"},{"name":"Pen Fancy","value":"fas fa-pen-fancy","type":"solid"},{"name":"Pen Nib","value":"fas fa-pen-nib","type":"solid"},{"name":"Pen Square","value":"fas fa-pen-square","type":"solid"},{"name":"Pencil Ruler","value":"fas fa-pencil-ruler","type":"solid"},{"name":"Penny Arcade","value":"fab fa-penny-arcade","type":"brands"},{"name":"People Carry","value":"fas fa-people-carry","type":"solid"},{"name":"Percent","value":"fas fa-percent","type":"solid"},{"name":"Percentage","value":"fas fa-percentage","type":"solid"},{"name":"Periscope","value":"fab fa-periscope","type":"brands"},{"name":"Person Entering Booth","value":"fas fa-person-booth","type":"solid"},{"name":"Phabricator","value":"fab fa-phabricator","type":"brands"},{"name":"Phoenix Framework","value":"fab fa-phoenix-framework","type":"brands"},{"name":"Phoenix Squadron","value":"fab fa-phoenix-squadron","type":"brands"},{"name":"Phone","value":"fas fa-phone","type":"solid"},{"name":"Phone Slash","value":"fas fa-phone-slash","type":"solid"},{"name":"Phone Square","value":"fas fa-phone-square","type":"solid"},{"name":"Phone Volume","value":"fas fa-phone-volume","type":"solid"},{"name":"Phone Volume","value":"fas fa-phone-volume","type":"solid"},{"name":"Pie Chart","value":"fas fa-chart-pie","type":"solid"},{"name":"Pied Piper Logo","value":"fab fa-pied-piper","type":"brands"},{"name":"Pied Piper PP Logo (Old)","value":"fab fa-pied-piper-pp","type":"brands"},{"name":"Pied Piper-hat","value":"fab fa-pied-piper-hat","type":"brands"},{"name":"Piggy Bank","value":"fas fa-piggy-bank","type":"solid"},{"name":"Pills","value":"fas fa-pills","type":"solid"},{"name":"Pinterest","value":"fab fa-pinterest","type":"brands"},{"name":"Pinterest P","value":"fab fa-pinterest-p","type":"brands"},{"name":"Pinterest Square","value":"fab fa-pinterest-square","type":"brands"},{"name":"Pizza Slice","value":"fas fa-pizza-slice","type":"solid"},{"name":"Pizza Slice","value":"fas fa-pizza-slice","type":"solid"},{"name":"Place of Worship","value":"fas fa-place-of-worship","type":"solid"},{"name":"Plane Arrival","value":"fas fa-plane-arrival","type":"solid"},{"name":"Plane Departure","value":"fas fa-plane-departure","type":"solid"},{"name":"Play Circle","value":"fas fa-play-circle","type":"solid"},{"name":"Play Circle","value":"far fa-play-circle","type":"regular"},{"name":"PlayStation","value":"fab fa-playstation","type":"brands"},{"name":"Plug","value":"fas fa-plug","type":"solid"},{"name":"Plus Circle","value":"fas fa-plus-circle","type":"solid"},{"name":"Plus Square","value":"fas fa-plus-square","type":"solid"},{"name":"Plus Square","value":"far fa-plus-square","type":"regular"},{"name":"Podcast","value":"fas fa-podcast","type":"solid"},{"name":"Poll","value":"fas fa-poll","type":"solid"},{"name":"Poll H","value":"fas fa-poll-h","type":"solid"},{"name":"Poo","value":"fas fa-poo","type":"solid"},{"name":"Poo Storm","value":"fas fa-poo-storm","type":"solid"},{"name":"Poop","value":"fas fa-poop","type":"solid"},{"name":"Portrait","value":"fas fa-portrait","type":"solid"},{"name":"Pound Sign","value":"fas fa-pound-sign","type":"solid"},{"name":"Power Off","value":"fas fa-power-off","type":"solid"},{"name":"Pray","value":"fas fa-pray","type":"solid"},{"name":"Praying Hands","value":"fas fa-praying-hands","type":"solid"},{"name":"Prescription","value":"fas fa-prescription","type":"solid"},{"name":"Prescription Bottle","value":"fas fa-prescription-bottle","type":"solid"},{"name":"Procedures","value":"fas fa-procedures","type":"solid"},{"name":"Product Hunt","value":"fab fa-product-hunt","type":"brands"},{"name":"Project Diagram","value":"fas fa-project-diagram","type":"solid"},{"name":"Pushed","value":"fab fa-pushed","type":"brands"},{"name":"Puzzle Piece","value":"fas fa-puzzle-piece","type":"solid"},{"name":"Python","value":"fab fa-python","type":"brands"},{"name":"QQ","value":"fab fa-qq","type":"brands"},{"name":"Question","value":"fas fa-question","type":"solid"},{"name":"Question Circle","value":"far fa-question-circle","type":"regular"},{"name":"Question Circle","value":"fas fa-question-circle","type":"solid"},{"name":"Quidditch","value":"fas fa-quidditch","type":"solid"},{"name":"QuinScape","value":"fab fa-quinscape","type":"brands"},{"name":"QuinScape","value":"fab fa-quinscape","type":"brands"},{"name":"Quora","value":"fab fa-quora","type":"brands"},{"name":"Quran","value":"fas fa-quran","type":"solid"},{"name":"R Project","value":"fab fa-r-project","type":"brands"},{"name":"RSS Square","value":"fas fa-rss-square","type":"solid"},{"name":"Radiation","value":"fas fa-radiation","type":"solid"},{"name":"Rainbow","value":"fas fa-rainbow","type":"solid"},{"name":"Raspberry Pi","value":"fab fa-raspberry-pi","type":"brands"},{"name":"Ravelry","value":"fab fa-ravelry","type":"brands"},{"name":"React","value":"fab fa-react","type":"brands"},{"name":"ReactEurope","value":"fab fa-reacteurope","type":"brands"},{"name":"ReadMe","value":"fab fa-readme","type":"brands"},{"name":"Rebel Alliance","value":"fab fa-rebel","type":"brands"},{"name":"Receipt","value":"fas fa-receipt","type":"solid"},{"name":"Recycle","value":"fas fa-recycle","type":"solid"},{"name":"Redhat","value":"fab fa-redhat","type":"brands"},{"name":"Redo","value":"fas fa-redo","type":"solid"},{"name":"Registered Trademark","value":"fas fa-registered","type":"solid"},{"name":"Registered Trademark","value":"far fa-registered","type":"regular"},{"name":"Remove User","value":"fas fa-user-times","type":"solid"},{"name":"Renren","value":"fab fa-renren","type":"brands"},{"name":"Reply","value":"fas fa-reply","type":"solid"},{"name":"Republican","value":"fas fa-republican","type":"solid"},{"name":"Researchgate","value":"fab fa-researchgate","type":"brands"},{"name":"Resolving","value":"fab fa-resolving","type":"brands"},{"name":"Restroom","value":"fas fa-restroom","type":"solid"},{"name":"Retro Camera","value":"fas fa-camera-retro","type":"solid"},{"name":"Retweet","value":"fas fa-retweet","type":"solid"},{"name":"Rev.io","value":"fab fa-rev","type":"brands"},{"name":"Ribbon","value":"fas fa-ribbon","type":"solid"},{"name":"Ring","value":"fas fa-ring","type":"solid"},{"name":"Robot","value":"fas fa-robot","type":"solid"},{"name":"Rocket.Chat","value":"fab fa-rocketchat","type":"brands"},{"name":"Rockrms","value":"fab fa-rockrms","type":"brands"},{"name":"Route","value":"fas fa-route","type":"solid"},{"name":"Ruble Sign","value":"fas fa-ruble-sign","type":"solid"},{"name":"Ruler","value":"fas fa-ruler","type":"solid"},{"name":"Ruler Combined","value":"fas fa-ruler-combined","type":"solid"},{"name":"Ruler Horizontal","value":"fas fa-ruler-horizontal","type":"solid"},{"name":"Ruler Vertical","value":"fas fa-ruler-vertical","type":"solid"},{"name":"Running","value":"fas fa-running","type":"solid"},{"name":"SCHLIX","value":"fab fa-schlix","type":"brands"},{"name":"SIM Card","value":"fas fa-sim-card","type":"solid"},{"name":"SISTRIX","value":"fab fa-sistrix","type":"brands"},{"name":"SMS","value":"fas fa-sms","type":"solid"},{"name":"Safari","value":"fab fa-safari","type":"brands"},{"name":"Sass","value":"fab fa-sass","type":"brands"},{"name":"Satellite","value":"fas fa-satellite","type":"solid"},{"name":"Satellite Dish","value":"fas fa-satellite-dish","type":"solid"},{"name":"Save","value":"far fa-save","type":"regular"},{"name":"Save","value":"fas fa-save","type":"solid"},{"name":"School","value":"fas fa-school","type":"solid"},{"name":"Screwdriver","value":"fas fa-screwdriver","type":"solid"},{"name":"Scribd","value":"fab fa-scribd","type":"brands"},{"name":"Scroll","value":"fas fa-scroll","type":"solid"},{"name":"Sd Card","value":"fas fa-sd-card","type":"solid"},{"name":"Search","value":"fas fa-search","type":"solid"},{"name":"Search Dollar","value":"fas fa-search-dollar","type":"solid"},{"name":"Search Location","value":"fas fa-search-location","type":"solid"},{"name":"Search Minus","value":"fas fa-search-minus","type":"solid"},{"name":"Search Plus","value":"fas fa-search-plus","type":"solid"},{"name":"Searchengin","value":"fab fa-searchengin","type":"brands"},{"name":"Seedling","value":"fas fa-seedling","type":"solid"},{"name":"Sellcast","value":"fab fa-sellcast","type":"brands"},{"name":"Sellsy","value":"fab fa-sellsy","type":"brands"},{"name":"Server","value":"fas fa-server","type":"solid"},{"name":"Servicestack","value":"fab fa-servicestack","type":"brands"},{"name":"Shapes","value":"fas fa-shapes","type":"solid"},{"name":"Share","value":"fas fa-share","type":"solid"},{"name":"Share Square","value":"far fa-share-square","type":"regular"},{"name":"Share Square","value":"fas fa-share-square","type":"solid"},{"name":"Shekel Sign","value":"fas fa-shekel-sign","type":"solid"},{"name":"Ship","value":"fas fa-ship","type":"solid"},{"name":"Shipping Fast","value":"fas fa-shipping-fast","type":"solid"},{"name":"Shirts in Bulk","value":"fab fa-shirtsinbulk","type":"brands"},{"name":"Shirts in Bulk","value":"fab fa-shirtsinbulk","type":"brands"},{"name":"Shoe Prints","value":"fas fa-shoe-prints","type":"solid"},{"name":"Shopping Bag","value":"fas fa-shopping-bag","type":"solid"},{"name":"Shopping Basket","value":"fas fa-shopping-basket","type":"solid"},{"name":"Shopping Cart Arrow Down","value":"fas fa-cart-arrow-down","type":"solid"},{"name":"Shopware","value":"fab fa-shopware","type":"brands"},{"name":"Shower","value":"fas fa-shower","type":"solid"},{"name":"Shuttle Van","value":"fas fa-shuttle-van","type":"solid"},{"name":"Sign","value":"fas fa-sign","type":"solid"},{"name":"Sign Language","value":"fas fa-sign-language","type":"solid"},{"name":"Signature","value":"fas fa-signature","type":"solid"},{"name":"SimplyBuilt","value":"fab fa-simplybuilt","type":"brands"},{"name":"Sitemap","value":"fas fa-sitemap","type":"solid"},{"name":"Sith","value":"fab fa-sith","type":"brands"},{"name":"Skating","value":"fas fa-skating","type":"solid"},{"name":"Sketch","value":"fab fa-sketch","type":"brands"},{"name":"Skiing","value":"fas fa-skiing","type":"solid"},{"name":"Skiing Nordic","value":"fas fa-skiing-nordic","type":"solid"},{"name":"Skull","value":"fas fa-skull","type":"solid"},{"name":"Skull & Crossbones","value":"fas fa-skull-crossbones","type":"solid"},{"name":"Skype","value":"fab fa-skype","type":"brands"},{"name":"Slack Hashtag","value":"fab fa-slack-hash","type":"brands"},{"name":"Slack Logo","value":"fab fa-slack","type":"brands"},{"name":"Slack Logo","value":"fab fa-slack","type":"brands"},{"name":"Slash","value":"fas fa-slash","type":"solid"},{"name":"Sleigh","value":"fas fa-sleigh","type":"solid"},{"name":"Slideshare","value":"fab fa-slideshare","type":"brands"},{"name":"Smiling Face","value":"far fa-smile","type":"regular"},{"name":"Smiling Face","value":"fas fa-smile","type":"solid"},{"name":"Smog","value":"fas fa-smog","type":"solid"},{"name":"Smoking","value":"fas fa-smoking","type":"solid"},{"name":"Smoking Ban","value":"fas fa-smoking-ban","type":"solid"},{"name":"Snapchat","value":"fab fa-snapchat","type":"brands"},{"name":"Snapchat Ghost","value":"fab fa-snapchat-ghost","type":"brands"},{"name":"Snapchat Square","value":"fab fa-snapchat-square","type":"brands"},{"name":"Snowboarding","value":"fas fa-snowboarding","type":"solid"},{"name":"Snowflake","value":"far fa-snowflake","type":"regular"},{"name":"Snowflake","value":"fas fa-snowflake","type":"solid"},{"name":"Snowman","value":"fas fa-snowman","type":"solid"},{"name":"Snowplow","value":"fas fa-snowplow","type":"solid"},{"name":"Socks","value":"fas fa-socks","type":"solid"},{"name":"Solar Panel","value":"fas fa-solar-panel","type":"solid"},{"name":"Sort","value":"fas fa-sort","type":"solid"},{"name":"Sort Alpha Down","value":"fas fa-sort-alpha-down","type":"solid"},{"name":"Sort Alpha Up","value":"fas fa-sort-alpha-up","type":"solid"},{"name":"Sort Amount Down","value":"fas fa-sort-amount-down","type":"solid"},{"name":"Sort Amount Up","value":"fas fa-sort-amount-up","type":"solid"},{"name":"Sort Down (Descending)","value":"fas fa-sort-down","type":"solid"},{"name":"Sort Numeric Down","value":"fas fa-sort-numeric-down","type":"solid"},{"name":"Sort Numeric Up","value":"fas fa-sort-numeric-up","type":"solid"},{"name":"Sort Up (Ascending)","value":"fas fa-sort-up","type":"solid"},{"name":"SoundCloud","value":"fab fa-soundcloud","type":"brands"},{"name":"Sourcetree","value":"fab fa-sourcetree","type":"brands"},{"name":"Spa","value":"fas fa-spa","type":"solid"},{"name":"Space Shuttle","value":"fas fa-space-shuttle","type":"solid"},{"name":"Speakap","value":"fab fa-speakap","type":"brands"},{"name":"Spider","value":"fas fa-spider","type":"solid"},{"name":"Spinner","value":"fas fa-spinner","type":"solid"},{"name":"Splotch","value":"fas fa-splotch","type":"solid"},{"name":"Spotify","value":"fab fa-spotify","type":"brands"},{"name":"Spray Can","value":"fas fa-spray-can","type":"solid"},{"name":"Square","value":"far fa-square","type":"regular"},{"name":"Square","value":"fas fa-square","type":"solid"},{"name":"Square Full","value":"fas fa-square-full","type":"solid"},{"name":"Squarespace","value":"fab fa-squarespace","type":"brands"},{"name":"Stack Exchange","value":"fab fa-stack-exchange","type":"brands"},{"name":"Stack Overflow","value":"fab fa-stack-overflow","type":"brands"},{"name":"Stamp","value":"fas fa-stamp","type":"solid"},{"name":"Star","value":"far fa-star","type":"regular"},{"name":"Star","value":"fas fa-star","type":"solid"},{"name":"Star and Crescent","value":"fas fa-star-and-crescent","type":"solid"},{"name":"Star of David","value":"fas fa-star-of-david","type":"solid"},{"name":"Star of Life","value":"fas fa-star-of-life","type":"solid"},{"name":"StayLinked","value":"fab fa-staylinked","type":"brands"},{"name":"Steam","value":"fab fa-steam","type":"brands"},{"name":"Steam Square","value":"fab fa-steam-square","type":"brands"},{"name":"Steam Symbol","value":"fab fa-steam-symbol","type":"brands"},{"name":"Stethoscope","value":"fas fa-stethoscope","type":"solid"},{"name":"Sticker Mule","value":"fab fa-sticker-mule","type":"brands"},{"name":"Sticker Mule","value":"fab fa-sticker-mule","type":"brands"},{"name":"Sticky Note","value":"far fa-sticky-note","type":"regular"},{"name":"Sticky Note","value":"fas fa-sticky-note","type":"solid"},{"name":"Stop Circle","value":"far fa-stop-circle","type":"regular"},{"name":"Stop Circle","value":"fas fa-stop-circle","type":"solid"},{"name":"Stopwatch","value":"fas fa-stopwatch","type":"solid"},{"name":"Store","value":"fas fa-store","type":"solid"},{"name":"Strava","value":"fab fa-strava","type":"brands"},{"name":"Strava","value":"fab fa-strava","type":"brands"},{"name":"Stream","value":"fas fa-stream","type":"solid"},{"name":"Street View","value":"fas fa-street-view","type":"solid"},{"name":"Strikethrough","value":"fas fa-strikethrough","type":"solid"},{"name":"Stripe","value":"fab fa-stripe","type":"brands"},{"name":"Stripe Credit Card","value":"fab fa-cc-stripe","type":"brands"},{"name":"Stripe S","value":"fab fa-stripe-s","type":"brands"},{"name":"Stroopwafel","value":"fas fa-stroopwafel","type":"solid"},{"name":"Studio Vinari","value":"fab fa-studiovinari","type":"brands"},{"name":"StumbleUpon Circle","value":"fab fa-stumbleupon-circle","type":"brands"},{"name":"StumbleUpon Logo","value":"fab fa-stumbleupon","type":"brands"},{"name":"Subway","value":"fas fa-subway","type":"solid"},{"name":"Suitcase","value":"fas fa-suitcase","type":"solid"},{"name":"Suitcase Rolling","value":"fas fa-suitcase-rolling","type":"solid"},{"name":"Sun","value":"fas fa-sun","type":"solid"},{"name":"Sun","value":"far fa-sun","type":"regular"},{"name":"Superpowers","value":"fab fa-superpowers","type":"brands"},{"name":"Supple","value":"fab fa-supple","type":"brands"},{"name":"Suse","value":"fab fa-suse","type":"brands"},{"name":"Swatchbook","value":"fas fa-swatchbook","type":"solid"},{"name":"Swimmer","value":"fas fa-swimmer","type":"solid"},{"name":"Swimming Pool","value":"fas fa-swimming-pool","type":"solid"},{"name":"Synagogue","value":"fas fa-synagogue","type":"solid"},{"name":"Sync","value":"fas fa-sync","type":"solid"},{"name":"Syringe","value":"fas fa-syringe","type":"solid"},{"name":"T-Shirt","value":"fas fa-tshirt","type":"solid"},{"name":"TTY","value":"fas fa-tty","type":"solid"},{"name":"TTY","value":"fas fa-tty","type":"solid"},{"name":"Table Tennis","value":"fas fa-table-tennis","type":"solid"},{"name":"Tablets","value":"fas fa-tablets","type":"solid"},{"name":"Tape","value":"fas fa-tape","type":"solid"},{"name":"Tasks","value":"fas fa-tasks","type":"solid"},{"name":"Taxi","value":"fas fa-taxi","type":"solid"},{"name":"TeamSpeak","value":"fab fa-teamspeak","type":"brands"},{"name":"Teeth","value":"fas fa-teeth","type":"solid"},{"name":"Teeth Open","value":"fas fa-teeth-open","type":"solid"},{"name":"Telegram","value":"fab fa-telegram","type":"brands"},{"name":"Telegram Plane","value":"fab fa-telegram-plane","type":"brands"},{"name":"Television","value":"fas fa-tv","type":"solid"},{"name":"Tencent Weibo","value":"fab fa-tencent-weibo","type":"brands"},{"name":"Tenge","value":"fas fa-tenge","type":"solid"},{"name":"Terminal","value":"fas fa-terminal","type":"solid"},{"name":"The Red Yeti","value":"fab fa-the-red-yeti","type":"brands"},{"name":"The Red Yeti","value":"fab fa-the-red-yeti","type":"brands"},{"name":"Theater Masks","value":"fas fa-theater-masks","type":"solid"},{"name":"ThemeIsle","value":"fab fa-themeisle","type":"brands"},{"name":"Themeco","value":"fab fa-themeco","type":"brands"},{"name":"Thermometer","value":"fas fa-thermometer","type":"solid"},{"name":"Thermometer 1\/2 Full","value":"fas fa-thermometer-half","type":"solid"},{"name":"Thermometer 1\/4 Full","value":"fas fa-thermometer-quarter","type":"solid"},{"name":"Thermometer 3\/4 Full","value":"fas fa-thermometer-three-quarters","type":"solid"},{"name":"Thermometer Empty","value":"fas fa-thermometer-empty","type":"solid"},{"name":"Thermometer Full","value":"fas fa-thermometer-full","type":"solid"},{"name":"Think Peaks","value":"fab fa-think-peaks","type":"brands"},{"name":"Thumbtack","value":"fas fa-thumbtack","type":"solid"},{"name":"Times","value":"fas fa-times","type":"solid"},{"name":"Times Circle","value":"fas fa-times-circle","type":"solid"},{"name":"Times Circle","value":"far fa-times-circle","type":"regular"},{"name":"Tint Slash","value":"fas fa-tint-slash","type":"solid"},{"name":"Tired Face","value":"far fa-tired","type":"regular"},{"name":"Tired Face","value":"fas fa-tired","type":"solid"},{"name":"Toggle Off","value":"fas fa-toggle-off","type":"solid"},{"name":"Toggle On","value":"fas fa-toggle-on","type":"solid"},{"name":"Toilet","value":"fas fa-toilet","type":"solid"},{"name":"Toilet Paper","value":"fas fa-toilet-paper","type":"solid"},{"name":"Toolbox","value":"fas fa-toolbox","type":"solid"},{"name":"Tools","value":"fas fa-tools","type":"solid"},{"name":"Tooth","value":"fas fa-tooth","type":"solid"},{"name":"Torah","value":"fas fa-torah","type":"solid"},{"name":"Torah","value":"fas fa-torah","type":"solid"},{"name":"Torii Gate","value":"fas fa-torii-gate","type":"solid"},{"name":"Tractor","value":"fas fa-tractor","type":"solid"},{"name":"Trade Federation","value":"fab fa-trade-federation","type":"brands"},{"name":"Trademark","value":"fas fa-trademark","type":"solid"},{"name":"Traffic Light","value":"fas fa-traffic-light","type":"solid"},{"name":"Train","value":"fas fa-train","type":"solid"},{"name":"Tram","value":"fas fa-tram","type":"solid"},{"name":"Transgender","value":"fas fa-transgender","type":"solid"},{"name":"Trash","value":"fas fa-trash","type":"solid"},{"name":"Trash","value":"fas fa-trash","type":"solid"},{"name":"Trash Restore","value":"fas fa-trash-restore","type":"solid"},{"name":"Trash Restore","value":"fas fa-trash-restore","type":"solid"},{"name":"Tree","value":"fas fa-tree","type":"solid"},{"name":"Trello","value":"fab fa-trello","type":"brands"},{"name":"TripAdvisor","value":"fab fa-tripadvisor","type":"brands"},{"name":"Truck Loading","value":"fas fa-truck-loading","type":"solid"},{"name":"Truck Monster","value":"fas fa-truck-monster","type":"solid"},{"name":"Truck Moving","value":"fas fa-truck-moving","type":"solid"},{"name":"Truck Side","value":"fas fa-truck-pickup","type":"solid"},{"name":"Tumblr","value":"fab fa-tumblr","type":"brands"},{"name":"Tumblr Square","value":"fab fa-tumblr-square","type":"brands"},{"name":"Turkish Lira Sign","value":"fas fa-lira-sign","type":"solid"},{"name":"Twitch","value":"fab fa-twitch","type":"brands"},{"name":"Twitter","value":"fab fa-twitter","type":"brands"},{"name":"Twitter Square","value":"fab fa-twitter-square","type":"brands"},{"name":"Typo3","value":"fab fa-typo3","type":"brands"},{"name":"UIkit","value":"fab fa-uikit","type":"brands"},{"name":"UPS","value":"fab fa-ups","type":"brands"},{"name":"USB","value":"fab fa-usb","type":"brands"},{"name":"Uber","value":"fab fa-uber","type":"brands"},{"name":"Ubuntu","value":"fab fa-ubuntu","type":"brands"},{"name":"Umbrella","value":"fas fa-umbrella","type":"solid"},{"name":"Umbrella Beach","value":"fas fa-umbrella-beach","type":"solid"},{"name":"Underline","value":"fas fa-underline","type":"solid"},{"name":"Undo","value":"fas fa-undo","type":"solid"},{"name":"Uniregistry","value":"fab fa-uniregistry","type":"brands"},{"name":"United States Postal Service","value":"fab fa-usps","type":"brands"},{"name":"Universal Access","value":"fas fa-universal-access","type":"solid"},{"name":"University","value":"fas fa-university","type":"solid"},{"name":"Untappd","value":"fab fa-untappd","type":"brands"},{"name":"Upload","value":"fas fa-upload","type":"solid"},{"name":"User","value":"far fa-user","type":"regular"},{"name":"User","value":"fas fa-user","type":"solid"},{"name":"User Astronaut","value":"fas fa-user-astronaut","type":"solid"},{"name":"User Check","value":"fas fa-user-check","type":"solid"},{"name":"User Circle","value":"fas fa-user-circle","type":"solid"},{"name":"User Circle","value":"far fa-user-circle","type":"regular"},{"name":"User Clock","value":"fas fa-user-clock","type":"solid"},{"name":"User Cog","value":"fas fa-user-cog","type":"solid"},{"name":"User Edit","value":"fas fa-user-edit","type":"solid"},{"name":"User Friends","value":"fas fa-user-friends","type":"solid"},{"name":"User Graduate","value":"fas fa-user-graduate","type":"solid"},{"name":"User Injured","value":"fas fa-user-injured","type":"solid"},{"name":"User Lock","value":"fas fa-user-lock","type":"solid"},{"name":"User Minus","value":"fas fa-user-minus","type":"solid"},{"name":"User Ninja","value":"fas fa-user-ninja","type":"solid"},{"name":"User Plus","value":"fas fa-user-plus","type":"solid"},{"name":"User Secret","value":"fas fa-user-secret","type":"solid"},{"name":"User Shield","value":"fas fa-user-shield","type":"solid"},{"name":"User Slash","value":"fas fa-user-slash","type":"solid"},{"name":"User Tag","value":"fas fa-user-tag","type":"solid"},{"name":"User Tie","value":"fas fa-user-tie","type":"solid"},{"name":"Users","value":"fas fa-users","type":"solid"},{"name":"Users Cog","value":"fas fa-users-cog","type":"solid"},{"name":"Utensil Spoon","value":"fas fa-utensil-spoon","type":"solid"},{"name":"Utensils","value":"fas fa-utensils","type":"solid"},{"name":"VK","value":"fab fa-vk","type":"brands"},{"name":"VNV","value":"fab fa-vnv","type":"brands"},{"name":"Vaadin","value":"fab fa-vaadin","type":"brands"},{"name":"Vector Square","value":"fas fa-vector-square","type":"solid"},{"name":"Venus","value":"fas fa-venus","type":"solid"},{"name":"Venus Double","value":"fas fa-venus-double","type":"solid"},{"name":"Venus Mars","value":"fas fa-venus-mars","type":"solid"},{"name":"Viacoin","value":"fab fa-viacoin","type":"brands"},{"name":"Vial","value":"fas fa-vial","type":"solid"},{"name":"Vials","value":"fas fa-vials","type":"solid"},{"name":"Viber","value":"fab fa-viber","type":"brands"},{"name":"Video","value":"fab fa-viadeo","type":"brands"},{"name":"Video","value":"fas fa-video","type":"solid"},{"name":"Video Slash","value":"fas fa-video-slash","type":"solid"},{"name":"Video Square","value":"fab fa-viadeo-square","type":"brands"},{"name":"Video Square","value":"fab fa-viadeo-square","type":"brands"},{"name":"Vihara","value":"fas fa-vihara","type":"solid"},{"name":"Vimeo","value":"fab fa-vimeo","type":"brands"},{"name":"Vimeo","value":"fab fa-vimeo-v","type":"brands"},{"name":"Vimeo Square","value":"fab fa-vimeo-square","type":"brands"},{"name":"Vine","value":"fab fa-vine","type":"brands"},{"name":"Visa Credit Card","value":"fab fa-cc-visa","type":"brands"},{"name":"Volleyball Ball","value":"fas fa-volleyball-ball","type":"solid"},{"name":"Volume Down","value":"fas fa-volume-down","type":"solid"},{"name":"Volume Mute","value":"fas fa-volume-mute","type":"solid"},{"name":"Volume Off","value":"fas fa-volume-off","type":"solid"},{"name":"Volume Up","value":"fas fa-volume-up","type":"solid"},{"name":"Vote Yea","value":"fas fa-vote-yea","type":"solid"},{"name":"Vue.js","value":"fab fa-vuejs","type":"brands"},{"name":"WHMCS","value":"fab fa-whmcs","type":"brands"},{"name":"WPBeginner","value":"fab fa-wpbeginner","type":"brands"},{"name":"WPExplorer","value":"fab fa-wpexplorer","type":"brands"},{"name":"WPForms","value":"fab fa-wpforms","type":"brands"},{"name":"Walking","value":"fas fa-walking","type":"solid"},{"name":"Wallet","value":"fas fa-wallet","type":"solid"},{"name":"Warehouse","value":"fas fa-warehouse","type":"solid"},{"name":"Water","value":"fas fa-water","type":"solid"},{"name":"Wavy Money Bill","value":"fas fa-money-bill-wave","type":"solid"},{"name":"Weebly","value":"fab fa-weebly","type":"brands"},{"name":"Weibo","value":"fab fa-weibo","type":"brands"},{"name":"Weight","value":"fas fa-weight","type":"solid"},{"name":"Weixin (WeChat)","value":"fab fa-weixin","type":"brands"},{"name":"What's App","value":"fab fa-whatsapp","type":"brands"},{"name":"What's App Square","value":"fab fa-whatsapp-square","type":"brands"},{"name":"Wheelchair","value":"fas fa-wheelchair","type":"solid"},{"name":"WiFi","value":"fas fa-wifi","type":"solid"},{"name":"Wikipedia W","value":"fab fa-wikipedia-w","type":"brands"},{"name":"Wind","value":"fas fa-wind","type":"solid"},{"name":"Window Close","value":"far fa-window-close","type":"regular"},{"name":"Window Close","value":"fas fa-window-close","type":"solid"},{"name":"Window Maximize","value":"far fa-window-maximize","type":"regular"},{"name":"Window Maximize","value":"fas fa-window-maximize","type":"solid"},{"name":"Window Minimize","value":"far fa-window-minimize","type":"regular"},{"name":"Window Minimize","value":"fas fa-window-minimize","type":"solid"},{"name":"Window Restore","value":"far fa-window-restore","type":"regular"},{"name":"Window Restore","value":"fas fa-window-restore","type":"solid"},{"name":"Windows","value":"fab fa-windows","type":"brands"},{"name":"Wine Bottle","value":"fas fa-wine-bottle","type":"solid"},{"name":"Wine Glass","value":"fas fa-wine-glass","type":"solid"},{"name":"Winking Face","value":"far fa-smile-wink","type":"regular"},{"name":"Winking Face","value":"fas fa-smile-wink","type":"solid"},{"name":"Wired Network","value":"fas fa-network-wired","type":"solid"},{"name":"Wix","value":"fab fa-wix","type":"brands"},{"name":"Wizards of the Coast","value":"fab fa-wizards-of-the-coast","type":"brands"},{"name":"Wolf Pack Battalion","value":"fab fa-wolf-pack-battalion","type":"brands"},{"name":"Won Sign","value":"fas fa-won-sign","type":"solid"},{"name":"WordPress Logo","value":"fab fa-wordpress","type":"brands"},{"name":"Wordpress Simple","value":"fab fa-wordpress-simple","type":"brands"},{"name":"Wrench","value":"fas fa-wrench","type":"solid"},{"name":"X-Ray","value":"fas fa-x-ray","type":"solid"},{"name":"Xbox","value":"fab fa-xbox","type":"brands"},{"name":"Xing","value":"fab fa-xing","type":"brands"},{"name":"Xing Square","value":"fab fa-xing-square","type":"brands"},{"name":"Y Combinator","value":"fab fa-y-combinator","type":"brands"},{"name":"Yahoo Logo","value":"fab fa-yahoo","type":"brands"},{"name":"Yandex","value":"fab fa-yandex","type":"brands"},{"name":"Yandex International","value":"fab fa-yandex-international","type":"brands"},{"name":"Yarn","value":"fab fa-yarn","type":"brands"},{"name":"Yelp","value":"fab fa-yelp","type":"brands"},{"name":"Yelp","value":"fab fa-yelp","type":"brands"},{"name":"Yen Sign","value":"fas fa-yen-sign","type":"solid"},{"name":"Yin Yang","value":"fas fa-yin-yang","type":"solid"},{"name":"Yoast","value":"fab fa-yoast","type":"brands"},{"name":"YouTube","value":"fab fa-youtube","type":"brands"},{"name":"YouTube Square","value":"fab fa-youtube-square","type":"brands"},{"name":"Zhihu","value":"fab fa-zhihu","type":"brands"},{"name":"adjust","value":"fas fa-adjust","type":"solid"},{"name":"affiliatetheme","value":"fab fa-affiliatetheme","type":"brands"},{"name":"align-center","value":"fas fa-align-center","type":"solid"},{"name":"align-justify","value":"fas fa-align-justify","type":"solid"},{"name":"align-left","value":"fas fa-align-left","type":"solid"},{"name":"align-right","value":"fas fa-align-right","type":"solid"},{"name":"ambulance","value":"fas fa-ambulance","type":"solid"},{"name":"angle-down","value":"fas fa-angle-down","type":"solid"},{"name":"angle-left","value":"fas fa-angle-left","type":"solid"},{"name":"angle-right","value":"fas fa-angle-right","type":"solid"},{"name":"angle-up","value":"fas fa-angle-up","type":"solid"},{"name":"arrow-down","value":"fas fa-arrow-down","type":"solid"},{"name":"arrow-left","value":"fas fa-arrow-left","type":"solid"},{"name":"arrow-right","value":"fas fa-arrow-right","type":"solid"},{"name":"arrow-up","value":"fas fa-arrow-up","type":"solid"},{"name":"asterisk","value":"fas fa-asterisk","type":"solid"},{"name":"avianex","value":"fab fa-avianex","type":"brands"},{"name":"backward","value":"fas fa-backward","type":"solid"},{"name":"ban","value":"fas fa-ban","type":"solid"},{"name":"barcode","value":"fas fa-barcode","type":"solid"},{"name":"beer","value":"fas fa-beer","type":"solid"},{"name":"bell","value":"far fa-bell","type":"regular"},{"name":"bell","value":"fas fa-bell","type":"solid"},{"name":"bold","value":"fas fa-bold","type":"solid"},{"name":"book","value":"fas fa-book","type":"solid"},{"name":"bookmark","value":"fas fa-bookmark","type":"solid"},{"name":"bookmark","value":"far fa-bookmark","type":"regular"},{"name":"bullhorn","value":"fas fa-bullhorn","type":"solid"},{"name":"cPanel","value":"fab fa-cpanel","type":"brands"},{"name":"camera","value":"fas fa-camera","type":"solid"},{"name":"certificate","value":"fas fa-certificate","type":"solid"},{"name":"chevron-down","value":"fas fa-chevron-down","type":"solid"},{"name":"chevron-left","value":"fas fa-chevron-left","type":"solid"},{"name":"chevron-right","value":"fas fa-chevron-right","type":"solid"},{"name":"chevron-up","value":"fas fa-chevron-up","type":"solid"},{"name":"cloudscale.ch","value":"fab fa-cloudscale","type":"brands"},{"name":"cloudversify","value":"fab fa-cloudversify","type":"brands"},{"name":"cog","value":"fas fa-cog","type":"solid"},{"name":"cogs","value":"fas fa-cogs","type":"solid"},{"name":"comment","value":"fas fa-comment","type":"solid"},{"name":"comment","value":"far fa-comment","type":"regular"},{"name":"comments","value":"fas fa-comments","type":"solid"},{"name":"comments","value":"far fa-comments","type":"regular"},{"name":"crop","value":"fas fa-crop","type":"solid"},{"name":"deploy.dog","value":"fab fa-deploydog","type":"brands"},{"name":"deviantART","value":"fab fa-deviantart","type":"brands"},{"name":"eBay","value":"fab fa-ebay","type":"brands"},{"name":"flag-checkered","value":"fas fa-flag-checkered","type":"solid"},{"name":"home","value":"fas fa-home","type":"solid"},{"name":"iOS App Store","value":"fab fa-app-store-ios","type":"brands"},{"name":"iTunes","value":"fab fa-itunes","type":"brands"},{"name":"inbox","value":"fas fa-inbox","type":"solid"},{"name":"ioxhost","value":"fab fa-ioxhost","type":"brands"},{"name":"italic","value":"fas fa-italic","type":"solid"},{"name":"jsFiddle","value":"fab fa-jsfiddle","type":"brands"},{"name":"key","value":"fas fa-key","type":"solid"},{"name":"last.fm","value":"fab fa-lastfm","type":"brands"},{"name":"last.fm Square","value":"fab fa-lastfm-square","type":"brands"},{"name":"leaf","value":"fas fa-leaf","type":"solid"},{"name":"list-ol","value":"fas fa-list-ol","type":"solid"},{"name":"list-ul","value":"fas fa-list-ul","type":"solid"},{"name":"location-arrow","value":"fas fa-location-arrow","type":"solid"},{"name":"lock","value":"fas fa-lock","type":"solid"},{"name":"lyft","value":"fab fa-lyft","type":"brands"},{"name":"magic","value":"fas fa-magic","type":"solid"},{"name":"magnet","value":"fas fa-magnet","type":"solid"},{"name":"map-marker","value":"fas fa-map-marker","type":"solid"},{"name":"medkit","value":"fas fa-medkit","type":"solid"},{"name":"microphone","value":"fas fa-microphone","type":"solid"},{"name":"minus","value":"fas fa-minus","type":"solid"},{"name":"npm","value":"fab fa-npm","type":"brands"},{"name":"page4 Corporation","value":"fab fa-page4","type":"brands"},{"name":"paragraph","value":"fas fa-paragraph","type":"solid"},{"name":"pause","value":"fas fa-pause","type":"solid"},{"name":"plane","value":"fas fa-plane","type":"solid"},{"name":"play","value":"fas fa-play","type":"solid"},{"name":"plus","value":"fas fa-plus","type":"solid"},{"name":"print","value":"fas fa-print","type":"solid"},{"name":"qrcode","value":"fas fa-qrcode","type":"solid"},{"name":"quote-left","value":"fas fa-quote-left","type":"solid"},{"name":"quote-right","value":"fas fa-quote-right","type":"solid"},{"name":"random","value":"fas fa-random","type":"solid"},{"name":"red river","value":"fab fa-red-river","type":"brands"},{"name":"reddit Alien","value":"fab fa-reddit-alien","type":"brands"},{"name":"reddit Logo","value":"fab fa-reddit","type":"brands"},{"name":"reddit Square","value":"fab fa-reddit-square","type":"brands"},{"name":"reply-all","value":"fas fa-reply-all","type":"solid"},{"name":"replyd","value":"fab fa-replyd","type":"brands"},{"name":"road","value":"fas fa-road","type":"solid"},{"name":"rocket","value":"fas fa-rocket","type":"solid"},{"name":"rocket","value":"fas fa-rocket","type":"solid"},{"name":"rss","value":"fas fa-rss","type":"solid"},{"name":"shopping-cart","value":"fas fa-shopping-cart","type":"solid"},{"name":"signal","value":"fas fa-signal","type":"solid"},{"name":"skyatlas","value":"fab fa-skyatlas","type":"brands"},{"name":"star-half","value":"far fa-star-half","type":"regular"},{"name":"star-half","value":"fas fa-star-half","type":"solid"},{"name":"step-backward","value":"fas fa-step-backward","type":"solid"},{"name":"step-forward","value":"fas fa-step-forward","type":"solid"},{"name":"stop","value":"fas fa-stop","type":"solid"},{"name":"subscript","value":"fas fa-subscript","type":"solid"},{"name":"superscript","value":"fas fa-superscript","type":"solid"},{"name":"table","value":"fas fa-table","type":"solid"},{"name":"tablet","value":"fas fa-tablet","type":"solid"},{"name":"tag","value":"fas fa-tag","type":"solid"},{"name":"tags","value":"fas fa-tags","type":"solid"},{"name":"text-height","value":"fas fa-text-height","type":"solid"},{"name":"text-width","value":"fas fa-text-width","type":"solid"},{"name":"th","value":"fas fa-th","type":"solid"},{"name":"th","value":"fas fa-th","type":"solid"},{"name":"th-large","value":"fas fa-th-large","type":"solid"},{"name":"th-list","value":"fas fa-th-list","type":"solid"},{"name":"thumbs-down","value":"fas fa-thumbs-down","type":"solid"},{"name":"thumbs-down","value":"far fa-thumbs-down","type":"regular"},{"name":"thumbs-up","value":"fas fa-thumbs-up","type":"solid"},{"name":"thumbs-up","value":"far fa-thumbs-up","type":"regular"},{"name":"tint","value":"fas fa-tint","type":"solid"},{"name":"trophy","value":"fas fa-trophy","type":"solid"},{"name":"truck","value":"fas fa-truck","type":"solid"},{"name":"unlink","value":"fas fa-unlink","type":"solid"},{"name":"unlock","value":"fas fa-unlock","type":"solid"},{"name":"us-Sunnah Foundation","value":"fab fa-ussunnah","type":"brands"},{"name":"wpressr","value":"fab fa-wpressr","type":"brands"}]