<?xml version="1.0" encoding="utf-8"?>
<extension version="3.1" type="plugin" method="upgrade" group="system">
   <name>Astroid Plugin</name>
   <author>JoomDev</author>
   <creationDate>July 19, 2019</creationDate>
   <version>1.7.3</version>
   <url>https://www.astroidframework.com</url>
   <copyright>Copyright (C) 2019 Joomdev, Inc. All rights reserved.</copyright>
   <license>GNU General Public License version 2 or later; see LICENSE.txt</license>
   <authorEmail>info@joomdev.com</authorEmail>
   <authorUrl>https://www.joomdev.com</authorUrl>
   <description>Astroid Framework Plugin Description Here</description>>
   <files>
      <filename plugin="astroid">astroid.php</filename>
   </files>
   <config>
      <fields name="params">
         <fieldset name="basic">
            <field name="astroid_manager_loader" type="radio" default="1" label="ASTROID_MANAGER_LOADER" description="" class="btn-group btn-group-yesno">
               <option value="1">JYES</option>
               <option value="0">JNO</option>
            </field>
         </fieldset>
      </fields>
   </config>
   <updateservers>
      <server type="extension" name="astroid_framework" priority="1">https://cdn.joomdev.com/updates/astroid_system_plugin.xml</server>
   </updateservers>
</extension>